User ID,Full Name,Email,Event Title,Event Created,Start Time,End Time
5,1,1,testing modal 2 update,Thu Nov 14 2024 22:39:06 GMT-0600 (Central Standard Time),Fri Nov 01 2024 09:00:00 GMT-0500 (Central Daylight Time),Fri Nov 01 2024 12:00:00 GMT-0500 (Central Daylight Time)
9,a,a,testing modal 2 update,Thu Nov 14 2024 22:39:06 GMT-0600 (Central Standard Time),Fri Nov 01 2024 09:00:00 GMT-0500 (Central Daylight Time),Fri Nov 01 2024 12:00:00 GMT-0500 (Central Daylight Time)
10,g,g,testing modal 2 update,Thu Nov 14 2024 22:39:06 GMT-0600 (Central Standard Time),Fri Nov 01 2024 09:00:00 GMT-0500 (Central Daylight Time),Fri Nov 01 2024 12:00:00 GMT-0500 (Central Daylight Time)
11,i,i,testing modal 2 update,Thu Nov 14 2024 22:39:06 GMT-0600 (Central Standard Time),Fri Nov 01 2024 09:00:00 GMT-0500 (Central Daylight Time),Fri Nov 01 2024 12:00:00 GMT-0500 (Central Daylight Time)
8,hey,h,testing modal 2 update,Thu Nov 14 2024 22:39:06 GMT-0600 (Central Standard Time),Fri Nov 01 2024 09:00:00 GMT-0500 (Central Daylight Time),Fri Nov 01 2024 12:00:00 GMT-0500 (Central Daylight Time)
4,123,1234,testing modal 2 update,Thu Nov 14 2024 22:39:06 GMT-0600 (Central Standard Time),Fri Nov 01 2024 09:00:00 GMT-0500 (Central Daylight Time),Fri Nov 01 2024 12:00:00 GMT-0500 (Central Daylight Time)
9,a,a,This is the event,Thu Nov 14 2024 22:39:06 GMT-0600 (Central Standard Time),Thu Nov 28 2024 00:00:00 GMT-0600 (Central Standard Time),Sat Nov 30 2024 00:00:00 GMT-0600 (Central Standard Time)
10,g,g,This is the event,Thu Nov 14 2024 22:39:06 GMT-0600 (Central Standard Time),Thu Nov 28 2024 00:00:00 GMT-0600 (Central Standard Time),Sat Nov 30 2024 00:00:00 GMT-0600 (Central Standard Time)
12,k,k,This is the event,Thu Nov 14 2024 22:39:06 GMT-0600 (Central Standard Time),Thu Nov 28 2024 00:00:00 GMT-0600 (Central Standard Time),Sat Nov 30 2024 00:00:00 GMT-0600 (Central Standard Time)
8,hey,h,This is the event,Thu Nov 14 2024 22:39:06 GMT-0600 (Central Standard Time),Thu Nov 28 2024 00:00:00 GMT-0600 (Central Standard Time),Sat Nov 30 2024 00:00:00 GMT-0600 (Central Standard Time)
4,123,1234,This is the event,Thu Nov 14 2024 22:39:06 GMT-0600 (Central Standard Time),Thu Nov 28 2024 00:00:00 GMT-0600 (Central Standard Time),Sat Nov 30 2024 00:00:00 GMT-0600 (Central Standard Time)
9,a,a,hello test,Thu Nov 14 2024 22:39:06 GMT-0600 (Central Standard Time),Wed Nov 20 2024 00:00:00 GMT-0600 (Central Standard Time),Sat Nov 30 2024 00:00:00 GMT-0600 (Central Standard Time)
10,g,g,hello test,Thu Nov 14 2024 22:39:06 GMT-0600 (Central Standard Time),Wed Nov 20 2024 00:00:00 GMT-0600 (Central Standard Time),Sat Nov 30 2024 00:00:00 GMT-0600 (Central Standard Time)
12,k,k,hello test,Thu Nov 14 2024 22:39:06 GMT-0600 (Central Standard Time),Wed Nov 20 2024 00:00:00 GMT-0600 (Central Standard Time),Sat Nov 30 2024 00:00:00 GMT-0600 (Central Standard Time)
8,hey,h,hello test,Thu Nov 14 2024 22:39:06 GMT-0600 (Central Standard Time),Wed Nov 20 2024 00:00:00 GMT-0600 (Central Standard Time),Sat Nov 30 2024 00:00:00 GMT-0600 (Central Standard Time)
4,123,1234,hello test,Thu Nov 14 2024 22:39:06 GMT-0600 (Central Standard Time),Wed Nov 20 2024 00:00:00 GMT-0600 (Central Standard Time),Sat Nov 30 2024 00:00:00 GMT-0600 (Central Standard Time)
12,k,k,image test,Thu Nov 14 2024 22:39:06 GMT-0600 (Central Standard Time),Tue Nov 12 2024 00:00:00 GMT-0600 (Central Standard Time),Tue Nov 12 2024 12:00:00 GMT-0600 (Central Standard Time)
8,hey,h,image test,Thu Nov 14 2024 22:39:06 GMT-0600 (Central Standard Time),Tue Nov 12 2024 00:00:00 GMT-0600 (Central Standard Time),Tue Nov 12 2024 12:00:00 GMT-0600 (Central Standard Time)
